{
    "lr-0.0002_beta-0.5_k-256_d-128": [
        0.045379411429166794,
        0.03896567225456238,
        0.03769926726818085,
        0.03786073252558708,
        0.03778543323278427
    ],
    "lr-0.0002_beta-1_k-256_d-128": [
        0.03678835555911064,
        0.030140910297632217,
        0.029521947726607323,
        0.029189499095082283,
        0.0293576680123806
    ],
    "lr-0.001_beta-0.5_k-256_d-128": [
        0.04175277054309845,
        0.0331265963613987,
        0.031138187274336815,
        0.03051627241075039,
        0.03079911880195141
    ],
    "lr-0.001_beta-1_k-256_d-128": [
        0.041470352560281754,
        0.033602938055992126,
        0.03279751539230347,
        0.032257359474897385,
        0.03249329328536987
    ],
    "lr-0.0002_beta-0.5_k-512_d-128": [
        0.044312041252851486,
        0.03452955186367035,
        0.03338424488902092,
        0.03356883302330971,
        0.03323361650109291
    ],
    "lr-0.0002_beta-1_k-512_d-128": [
        0.03506796434521675,
        0.03142397850751877,
        0.030295835807919502,
        0.030052678659558296,
        0.029937392100691795
    ],
    "lr-0.001_beta-0.5_k-512_d-128": [
        0.040747713297605515,
        0.04352651536464691,
        0.038696177303791046,
        0.03551863506436348,
        0.036384765058755875
    ],
    "lr-0.001_beta-1_k-512_d-128": [
        0.03713352978229523,
        0.03421825170516968,
        0.03330967202782631,
        0.033142708241939545,
        0.033185869455337524
    ],
    "lr-0.0002_beta-0.5_k-256_d-256": [
        0.23046915233135223,
        0.229231595993042,
        0.22836698591709137,
        0.22934572398662567,
        0.22856473922729492
    ],
    "lr-0.0002_beta-1_k-256_d-256": [
        0.06411484628915787,
        0.04737960547208786,
        0.03891509771347046,
        0.03801865875720978,
        0.03932160511612892
    ],
    "lr-0.001_beta-0.5_k-256_d-256": [
        0.0365862101316452,
        0.03230684995651245,
        0.03090987168252468,
        0.0315084308385849,
        0.030428338795900345
    ],
    "lr-0.001_beta-1_k-256_d-256": [
        0.03890838101506233,
        0.032096490263938904,
        0.030179530382156372,
        0.02999131567776203,
        0.02938731759786606
    ],
    "lr-0.0002_beta-0.5_k-512_d-256": [
        0.04027577117085457,
        0.03410850837826729,
        0.031691860407590866,
        0.031144067645072937,
        0.03101840615272522
    ],
    "lr-0.0002_beta-1_k-512_d-256": [
        0.04895729571580887,
        0.04032187908887863,
        0.04918459802865982,
        0.03665948659181595,
        0.03678399324417114
    ],
    "lr-0.001_beta-0.5_k-512_d-256": [
        0.046936824917793274,
        0.038866471499204636,
        0.03747837617993355,
        0.036478251218795776,
        0.036159761250019073
    ],
    "lr-0.001_beta-1_k-512_d-256": [
        0.040530070662498474,
        0.03498617932200432,
        0.03279925882816315,
        0.03290078416466713,
        0.03188260644674301
    ]
}